Date,SCCOOpen,SCCOHigh,SCCOLow,SCCOClose,SCCOAdj Close,SCCOVolume,PLMOpen,PLMHigh,PLMLow,PLMClose,PLMAdj Close,PLMVolume,COPXOpen,COPXHigh,COPXLow,COPXClose,COPXAdj Close,COPXVolume,^IXICOpen,^IXICHigh,^IXICLow,^IXICClose,^IXICAdj Close,^IXICVolume
2021-11-02,60.139999,60.540001,59.419998,60.18,55.577942,784900,3.29,3.3,3.19,3.22,3.22,52800,37.400002,37.400002,36.080002,36.549999,35.374107,624200,15583.980469,15656.599609,15569.269531,15649.599609,15649.599609,5129370000
2021-11-03,60.099998,60.18,58.5,59.110001,54.589771,1035400,3.21,3.38,3.19,3.34,3.34,73200,36.689999,36.75,35.779999,36.279999,35.112793,915100,15658.519531,15821.570313,15616.44043,15811.580078,15811.580078,5325110000
2021-11-04,59.34,59.610001,58.169998,58.93,54.423538,929300,3.34,3.34,3.22,3.32,3.32,51200,36.299999,36.540001,35.799999,36.09,34.928909,566400,15849.740234,15966.089844,15827.660156,15940.30957,15940.30957,5297250000
2021-11-05,59.0,59.549999,58.43,59.400002,54.857597,832400,3.26,3.32,3.16,3.27,3.27,106700,36.040001,36.139999,35.700001,36.09,34.928909,425700,16003.55957,16053.389648,15900.780273,15971.589844,15971.589844,5566400000
2021-11-08,60.52,62.490002,60.490002,61.799999,57.074062,1588800,3.23,3.27,3.08,3.08,3.08,191900,36.439999,37.169998,36.439999,37.110001,35.916092,882300,15995.719727,16038.230469,15961.80957,15982.360352,15982.360352,5723650000
2021-11-09,60.240002,61.200001,59.049999,59.82,56.154118,1229500,3.14,3.21,3.07,3.21,3.21,90600,37.09,37.110001,36.060001,36.43,35.257969,1712000,16024.129883,16035.209961,15836.679688,15886.540039,15886.540039,5574660000
2021-11-10,59.52,60.02,58.060001,58.209999,54.64278,791300,3.17,3.23,3.06,3.07,3.07,87200,36.41,36.41,35.349998,35.509998,34.367565,507900,15753.839844,15867.240234,15543.679688,15622.709961,15622.709961,5369110000
2021-11-11,59.700001,62.459999,59.650002,61.73,57.947071,1962700,3.12,3.15,3.06,3.11,3.11,77000,36.25,37.279999,36.240002,37.119999,35.92577,748100,15752.080078,15768.030273,15695.769531,15704.280273,15704.280273,4570460000
2021-11-12,61.360001,62.82,60.860001,62.459999,58.632336,976400,3.11,3.13,3.07,3.12,3.12,61200,37.360001,37.779999,37.18,37.759998,36.545181,584300,15752.620117,15874.570313,15705.379883,15860.959961,15860.959961,5446540000
2021-11-15,62.009998,62.16,60.73,60.790001,57.064674,814800,3.14,3.15,3.04,3.12,3.12,80400,37.52,37.52,36.540001,36.720001,35.538639,348200,15894.820313,15918.450195,15778.30957,15853.849609,15853.849609,5020180000
2021-11-16,60.779999,60.990002,59.880001,60.57,56.858158,769700,3.09,3.11,3.05,3.07,3.07,113100,36.73,36.73,36.169998,36.310001,35.14183,296500,15840.320313,15989.610352,15825.0,15973.860352,15973.860352,5533020000
2021-11-17,60.169998,60.91,58.98,59.43,55.788017,908200,3.06,3.23,3.06,3.2,3.2,136800,36.450001,36.549999,35.709999,35.93,34.774055,805500,15973.620117,15998.570313,15909.389648,15921.570313,15921.570313,5049320000
2021-11-18,59.02,60.139999,59.02,60.02,56.341866,892700,3.21,3.21,3.04,3.13,3.13,92600,36.220001,36.220001,35.509998,36.02,34.86116,346400,15973.389648,16010.879883,15848.830078,15993.709961,15993.709961,5391360000
2021-11-19,59.77,60.580002,59.650002,59.68,56.022701,645100,3.09,3.13,3.05,3.06,3.06,57400,36.110001,36.43,35.900002,36.0,34.841805,476800,16042.160156,16121.120117,16017.230469,16057.44043,16057.44043,4875310000
2021-11-22,58.470001,58.5,56.57,57.990002,54.436268,1528200,3.1,3.12,3.05,3.05,3.05,85900,36.0,36.529999,35.849998,36.169998,35.006332,673300,16120.919922,16212.230469,15851.040039,15854.759766,15854.759766,5567830000
2021-11-23,58.650002,59.91,58.59,59.23,55.600277,805600,3.05,3.1,3.01,3.1,3.1,87900,36.169998,36.73,36.119999,36.450001,35.277325,173000,15809.5,15895.860352,15601.459961,15775.139648,15775.139648,5434380000
2021-11-24,59.419998,60.049999,58.98,59.299999,55.665989,657900,3.09,3.15,3.06,3.1,3.1,71600,36.110001,36.450001,35.93,36.450001,35.277325,200800,15677.879883,15848.55957,15591.360352,15845.230469,15845.230469,4197090000
2021-11-26,57.240002,58.0,56.27,57.709999,54.17342,704100,3.04,3.04,2.9,2.95,2.95,108800,35.060001,35.060001,34.040001,34.790001,33.670734,835600,15664.379883,15731.540039,15456.089844,15491.660156,15491.660156,3502170000
2021-11-29,58.5,59.689999,57.759998,59.560001,55.910053,943600,3.02,3.07,2.95,2.96,2.96,78800,35.27,35.57,34.549999,35.52,34.377247,4756200,15719.419922,15833.110352,15644.610352,15782.830078,15782.830078,4836230000
2021-11-30,59.290001,59.599998,57.389999,58.5,54.915009,1491800,2.98,3.04,2.88,3.01,3.01,114600,35.52,36.049999,34.900002,35.509998,34.367565,1094400,15716.5,15828.200195,15451.389648,15537.69043,15537.69043,6631470000
2021-12-01,59.25,60.43,57.27,57.400002,53.88242,1365500,2.96,3.02,2.85,2.85,2.85,97000,36.200001,36.380001,35.0,35.02,33.893333,5042800,15752.269531,15816.820313,15243.929688,15254.049805,15254.049805,6320260000
2021-12-02,57.5,58.709999,57.400002,58.689999,55.093365,1116100,2.87,3.08,2.87,3.02,3.02,146400,35.189999,35.759998,34.93,35.580002,34.435318,793500,15181.820313,15444.540039,15150.120117,15381.320313,15381.320313,5418340000
2021-12-03,59.0,59.25,57.400002,58.18,54.614624,805400,3.0,3.04,2.87,2.87,2.87,115600,35.66,35.810001,34.779999,35.139999,34.009472,3086700,15428.709961,15470.360352,14931.05957,15085.469727,15085.469727,5900290000
2021-12-06,59.110001,59.360001,57.599998,58.77,55.168465,633700,2.96,3.0,2.87,2.96,2.96,48100,35.529999,35.990002,34.93,35.75,34.59985,504300,15117.629883,15281.990234,14931.610352,15225.150391,15225.150391,5115230000
2021-12-07,60.099998,60.93,59.630001,59.82,56.154118,881800,3.01,3.07,2.98,3.02,3.02,83800,36.299999,37.110001,36.299999,36.73,35.548317,310600,15510.910156,15720.089844,15507.660156,15686.919922,15686.919922,5116490000
2021-12-08,59.759998,60.869999,59.599998,60.310001,56.614094,533600,3.09,3.09,2.8,2.85,2.85,180000,37.049999,37.200001,36.759998,37.09,35.896736,961800,15690.650391,15792.639648,15618.879883,15786.990234,15786.990234,4615390000
2021-12-09,60.52,61.150002,59.450001,61.119999,57.374454,776900,2.85,2.86,2.77,2.78,2.78,127600,36.860001,36.91,36.369999,36.84,35.654781,464800,15720.540039,15796.049805,15511.120117,15517.370117,15517.370117,4515600000
2021-12-10,61.150002,61.5,60.279999,60.459999,56.754898,724100,2.79,2.81,2.75,2.75,2.75,75200,36.98,37.02,36.400002,36.549999,35.374107,219400,15629.589844,15677.599609,15477.849609,15630.599609,15630.599609,4426210000
2021-12-13,60.549999,60.799999,59.220001,59.540001,55.891281,1074600,2.76,2.81,2.72,2.74,2.74,80500,36.560001,36.830002,36.130001,36.529999,35.354752,5902300,15621.269531,15637.05957,15408.25,15413.280273,15413.280273,4573920000
2021-12-14,59.259998,60.59,59.09,59.32,55.684761,830500,2.71,2.76,2.71,2.71,2.71,56500,36.060001,36.669998,36.0,36.119999,34.957943,261800,15215.959961,15317.549805,15097.349609,15237.639648,15237.639648,4865990000
2021-12-15,58.619999,58.68,56.509998,57.099998,53.600807,1992600,2.7,2.78,2.64,2.71,2.71,131700,35.799999,35.830002,34.689999,35.700001,34.551456,592200,15230.709961,15575.759766,15055.230469,15565.580078,15565.580078,5343920000
2021-12-16,58.549999,59.369999,57.59,58.360001,54.783588,2718900,2.71,2.75,2.62,2.69,2.69,101800,36.32,36.66,35.900002,36.02,34.86116,607600,15629.080078,15633.19043,15119.490234,15180.429688,15180.429688,4906480000
2021-12-17,58.43,58.91,57.630001,58.380001,54.802364,1863600,2.7,2.7,2.65,2.67,2.67,166900,36.189999,36.189999,35.639999,35.77,34.619202,242500,15036.769531,15288.780273,14960.370117,15169.679688,15169.679688,7668770000
2021-12-20,57.18,57.580002,56.439999,57.419998,53.901192,925300,2.65,2.69,2.56,2.59,2.59,162700,35.259998,35.259998,34.450001,34.759998,33.641693,498600,14933.0,15007.299805,14860.040039,14980.94043,14980.94043,4602640000
2021-12-21,58.110001,59.360001,57.98,59.240002,55.609665,791900,2.65,3.0,2.62,2.97,2.97,282400,35.27,35.900002,35.130001,35.759998,34.60952,218600,15140.429688,15349.05957,15015.030273,15341.089844,15341.089844,4581720000
2021-12-22,58.98,59.400002,58.490002,59.360001,55.722309,652000,2.95,2.98,2.77,2.82,2.82,125500,35.759998,36.490002,35.529999,36.450001,35.277325,220200,15319.160156,15525.969727,15303.05957,15521.889648,15521.889648,4107900000
2021-12-23,59.040001,60.360001,58.970001,60.200001,56.51083,647600,2.87,2.89,2.79,2.84,2.84,129700,36.41,36.93,36.209999,36.779999,35.596706,248800,15544.790039,15697.980469,15528.910156,15653.370117,15653.370117,3935010000
2021-12-27,60.029999,61.34,59.970001,61.310001,57.552807,601600,2.84,2.84,2.75,2.79,2.79,120200,36.799999,37.139999,36.639999,37.07,35.87738,493600,15696.830078,15871.400391,15696.830078,15871.259766,15871.259766,3743920000
2021-12-28,60.950001,61.57,60.950001,61.060001,57.31813,431600,2.77,2.79,2.71,2.75,2.75,92500,37.040001,37.220001,36.650002,36.919998,35.732204,174100,15895.200195,15901.469727,15757.070313,15781.719727,15781.719727,3648500000
2021-12-29,60.82,61.48,60.349998,60.880001,57.149162,526500,2.75,2.79,2.62,2.66,2.66,118100,37.0,37.310001,36.900002,37.080002,35.887062,213100,15794.919922,15821.80957,15679.849609,15766.219727,15766.219727,3714380000
2021-12-30,61.25,62.16,61.18,61.23,57.477707,626300,2.65,2.7,2.56,2.59,2.59,214300,36.880001,37.07,36.619999,36.650002,35.843048,269100,15758.980469,15868.089844,15729.160156,15741.55957,15741.55957,3750920000
2021-12-31,61.139999,61.91,60.900002,61.709999,57.928295,455200,2.56,2.65,2.48,2.5,2.5,273600,36.669998,37.07,36.669998,36.91,36.097324,309800,15722.910156,15777.429688,15643.94043,15644.969727,15644.969727,3392580000
2022-01-03,61.52,61.880001,60.919998,61.41,57.646679,777900,2.53,2.73,2.5,2.73,2.73,101100,37.0,37.09,36.450001,36.77,35.960407,385300,15732.5,15832.799805,15644.089844,15832.799805,15832.799805,4429960000
2022-01-04,62.110001,63.220001,61.77,62.580002,58.744987,693500,2.73,2.76,2.69,2.7,2.7,91800,37.02,37.68,37.02,37.41,36.586315,614200,15852.139648,15852.139648,15512.410156,15622.719727,15622.719727,5131110000
2022-01-05,62.889999,64.169998,62.43,62.630001,58.79192,1052800,2.73,2.73,2.56,2.58,2.58,67500,37.439999,37.98,36.880001,36.91,36.097324,926400,15547.160156,15586.299805,15095.179688,15100.169922,15100.169922,5031850000
2022-01-06,62.59,63.009998,61.689999,62.549999,58.71682,1080200,2.65,2.66,2.54,2.57,2.57,65500,37.0,37.09,36.349998,36.709999,35.901726,489800,15024.150391,15198.450195,14914.870117,15080.860352,15080.860352,4790820000
2022-01-07,63.509998,64.440002,62.599998,64.349998,60.406509,771700,2.59,2.71,2.53,2.66,2.66,69100,36.880001,37.619999,36.830002,37.560001,36.733013,320700,15095.719727,15171.019531,14877.629883,14935.900391,14935.900391,4238070000
2022-01-10,64.349998,64.849998,62.830002,63.860001,59.946537,898500,2.66,2.69,2.59,2.66,2.66,63600,37.41,37.48,36.889999,37.48,36.654774,407700,14751.780273,14953.849609,14530.230469,14942.830078,14942.830078,5317180000
2022-01-11,63.919998,66.099998,63.599998,66.010002,61.96479,1172400,2.69,2.81,2.63,2.78,2.78,119200,37.599998,38.639999,37.419998,38.529999,37.681652,713700,14919.259766,15158.709961,14837.629883,15153.450195,15153.450195,4390710000
2022-01-12,68.25,69.529999,68.07,69.209999,64.968689,2301800,2.79,2.79,2.51,2.51,2.51,337500,39.32,40.650002,39.32,40.610001,39.715858,1077100,15263.099609,15319.030273,15117.290039,15188.389648,15188.389648,4338530000
2022-01-13,68.93,69.849998,67.779999,67.970001,63.804665,1386700,2.68,2.68,2.49,2.53,2.53,223300,40.32,40.84,40.080002,40.130001,39.246429,541000,15245.040039,15259.709961,14782.240234,14806.80957,14806.80957,4302020000
2022-01-14,67.029999,68.25,66.620003,67.800003,63.645088,853600,2.51,2.59,2.49,2.59,2.59,58500,39.689999,39.93,38.900002,39.720001,38.845455,381900,14708.019531,14897.679688,14689.429688,14893.75,14893.75,4374020000
2022-01-18,67.889999,69.82,67.790001,68.550003,64.349129,1334400,2.63,2.63,2.46,2.46,2.46,95700,39.630001,40.509998,39.610001,40.049999,39.168186,380400,14681.830078,14740.540039,14482.94043,14506.900391,14506.900391,5060790000
2022-01-19,69.5,70.449997,68.309998,68.400002,64.208328,1332100,2.56,2.59,2.5,2.53,2.53,70100,40.860001,41.23,40.599998,40.790001,39.891895,488800,14582.219727,14658.889648,14331.650391,14340.259766,14340.259766,4665340000
2022-01-20,68.900002,69.980003,67.510002,68.010002,63.84222,1357400,2.56,2.61,2.5,2.5,2.5,82400,41.200001,41.389999,40.43,40.450001,39.559383,616400,14462.849609,14642.030273,14140.780273,14154.019531,14154.019531,5102050000
2022-01-21,67.089996,67.470001,65.610001,66.260002,62.199463,1396800,2.5,2.59,2.48,2.48,2.48,141000,40.34,40.439999,39.130001,39.169998,38.307564,723000,14046.219727,14171.719727,13764.240234,13768.919922,13768.919922,5870830000
2022-01-24,64.0,64.830002,62.5,64.82,60.84771,1464100,2.45,2.73,2.45,2.71,2.71,290700,37.790001,38.27,36.799999,38.23,37.38826,1035400,13481.5,13876.610352,13094.650391,13855.129883,13855.129883,6998770000
2022-01-25,64.0,64.959999,62.110001,64.639999,60.678738,1259300,2.61,2.84,2.61,2.83,2.83,141600,38.0,38.599998,37.389999,38.330002,37.486061,414700,13610.870117,13781.620117,13414.139648,13539.290039,13539.290039,5019380000
2022-01-26,65.919998,66.870003,64.010002,64.610001,60.650578,1395800,2.85,2.86,2.61,2.68,2.68,117900,39.060001,39.290001,37.84,38.23,37.38826,307900,13871.769531,14002.650391,13392.19043,13542.120117,13542.120117,5771140000
2022-01-27,65.540001,66.150002,63.310001,63.970001,60.049797,997900,2.62,2.63,2.42,2.5,2.5,143000,38.220001,38.66,37.560001,37.709999,36.879707,397800,13710.990234,13765.910156,13322.660156,13352.780273,13352.780273,5177380000
2022-01-28,63.299999,63.299999,61.299999,62.57,58.735592,1096400,2.54,2.54,2.41,2.47,2.47,109300,37.380001,37.380001,36.290001,36.959999,36.146221,354700,13436.709961,13771.910156,13236.55957,13770.570313,13770.570313,4971930000
2022-01-31,62.09,63.889999,62.0,63.889999,59.974701,859600,2.5,2.55,2.47,2.55,2.55,80500,37.009998,37.439999,36.669998,37.41,36.586315,206900,13812.19043,14242.900391,13767.709961,14239.879883,14239.879883,5124940000
2022-02-01,64.889999,65.43,63.950001,65.160004,61.166874,933100,2.54,2.67,2.48,2.65,2.65,142900,37.939999,38.27,37.41,38.130001,37.290462,4234500,14277.429688,14358.69043,14070.769531,14346.0,14346.0,4671850000
2022-02-02,65.400002,65.400002,63.380001,64.029999,60.106121,1325400,2.66,2.71,2.53,2.64,2.64,142200,38.68,38.700001,38.02,38.439999,37.593636,254700,14494.469727,14504.820313,14264.650391,14417.549805,14417.549805,4673140000
2022-02-03,63.990002,64.019997,62.669998,63.18,59.308212,1020300,2.64,2.64,2.49,2.5,2.5,72600,38.0,38.41,37.91,38.02,37.182884,119900,14045.830078,14207.889648,13851.740234,13878.820313,13878.820313,4326300000
2022-02-04,62.330002,63.540001,61.799999,63.209999,59.336372,989100,2.55,2.6,2.5,2.56,2.56,74900,37.720001,38.490002,37.639999,38.27,37.42738,150300,13958.480469,14222.759766,13850.389648,14098.009766,14098.009766,4121340000
2022-02-07,63.599998,64.059998,62.68,63.669998,59.768181,889400,2.58,2.64,2.51,2.62,2.62,52300,38.41,38.939999,38.360001,38.720001,37.867474,956100,14118.790039,14236.30957,13974.099609,14015.669922,14015.669922,4268730000
2022-02-08,64.239998,65.739998,63.91,65.620003,61.598686,1072800,2.6,2.7,2.59,2.65,2.65,53100,38.860001,39.689999,38.639999,39.610001,38.737877,683600,13984.429688,14226.480469,13934.780273,14194.450195,14194.450195,4293770000
2022-02-09,66.540001,67.989998,65.739998,67.82,63.66386,1300600,2.66,2.67,2.52,2.54,2.54,110000,39.98,41.16,39.939999,40.990002,40.087494,765200,14368.160156,14490.719727,14330.870117,14490.370117,14490.370117,4729730000
2022-02-10,67.669998,69.309998,66.849998,67.199997,63.081852,1451500,2.51,2.61,2.51,2.54,2.54,55700,40.990002,42.130001,40.919998,41.200001,40.29287,660900,14228.679688,14509.55957,14118.200195,14185.639648,14185.639648,5212510000
2022-02-11,66.300003,68.260002,65.790001,67.169998,63.053696,1647700,2.53,2.57,2.48,2.51,2.51,63500,41.09,41.599998,40.419998,40.779999,39.882114,617200,14213.620117,14246.700195,13733.160156,13791.150391,13791.150391,5237320000
2022-02-14,66.239998,66.769997,64.559998,66.309998,63.187099,1177000,2.5,2.57,2.48,2.53,2.53,59100,41.0,41.279999,40.490002,41.049999,40.146168,416000,13768.969727,13921.709961,13664.759766,13790.919922,13790.919922,4347350000
2022-02-15,65.720001,67.360001,65.440002,67.330002,64.159065,998300,2.55,2.65,2.55,2.65,2.65,73100,41.369999,41.5,40.810001,41.23,40.322208,311300,13997.179688,14142.490234,13976.290039,14139.759766,14139.759766,4416840000
2022-02-16,67.790001,68.730003,67.529999,68.629997,65.397835,934900,2.65,2.69,2.59,2.63,2.63,50200,41.200001,41.740002,41.169998,41.610001,40.69384,372300,14038.919922,14163.730469,13931.990234,14124.089844,14124.089844,4238560000
2022-02-17,68.209999,68.379997,66.860001,67.269997,64.101883,975500,2.68,2.68,2.54,2.54,2.54,47600,41.459999,41.48,40.799999,41.049999,40.146168,204100,14004.19043,14020.820313,13704.700195,13716.719727,13716.719727,4278370000
2022-02-18,68.019997,68.470001,66.769997,67.589996,64.406822,863400,2.52,2.59,2.51,2.52,2.52,56500,41.200001,41.490002,40.73,40.860001,39.960354,830600,13735.400391,13762.400391,13465.55957,13548.070313,13548.070313,4501940000
2022-02-22,67.809998,68.389999,66.339996,66.900002,63.749321,911000,2.52,2.59,2.47,2.48,2.48,145700,40.939999,41.310001,40.290001,40.810001,39.911457,1565100,13424.360352,13618.719727,13249.650391,13381.519531,13381.519531,4849170000
2022-02-23,67.239998,67.580002,66.050003,66.25,63.129929,925600,2.49,2.55,2.48,2.48,2.48,66900,41.009998,41.18,40.470001,40.549999,39.657177,361500,13511.75,13533.780273,13032.169922,13037.490234,13037.490234,4639330000
2022-02-24,64.279999,66.190002,64.209999,66.050003,62.939354,1164400,2.47,2.56,2.47,2.56,2.56,82500,39.82,40.330002,39.119999,40.240002,39.354008,466200,12587.879883,13486.110352,12587.879883,13473.589844,13473.589844,6180200000
2022-02-25,66.389999,68.800003,66.379997,68.790001,65.550308,949400,2.57,2.65,2.57,2.65,2.65,60200,40.450001,42.0,40.450001,41.889999,40.967674,703100,13485.259766,13696.860352,13358.290039,13694.620117,13694.620117,4628720000
2022-02-28,68.129997,69.940002,67.93,69.389999,66.122047,1386500,2.66,2.76,2.63,2.72,2.72,187300,41.84,42.639999,41.52,42.599998,41.662041,925700,13570.830078,13810.639648,13549.900391,13751.400391,13751.400391,5928130000
2022-03-01,70.209999,73.230003,70.080002,71.830002,68.447136,1871100,2.74,2.78,2.61,2.61,2.61,134900,42.73,43.349998,42.18,42.610001,41.671822,725800,13716.700195,13777.040039,13441.320313,13532.459961,13532.459961,6131350000
2022-03-02,72.370003,73.370003,71.190002,72.910004,69.476273,1361600,2.61,2.61,2.51,2.61,2.61,96700,43.599998,44.029999,42.919998,43.860001,42.894302,626100,13597.530273,13796.549805,13493.910156,13752.019531,13752.019531,5246390000
2022-03-03,73.849998,75.57,73.209999,75.230003,71.687012,1320400,2.61,2.64,2.55,2.55,2.55,43200,44.5,44.950001,44.049999,44.880001,43.891842,1167200,13837.589844,13837.589844,13472.639648,13537.94043,13537.94043,5092580000
2022-03-04,75.370003,76.620003,73.839996,76.599998,72.992485,1227700,2.56,2.68,2.56,2.62,2.62,104200,44.610001,44.68,43.68,44.5,43.52021,664600,13455.230469,13486.709961,13224.980469,13313.44043,13313.44043,5343900000
2022-03-07,76.230003,76.510002,73.449997,74.279999,70.781754,1395600,2.65,3.14,2.65,2.86,2.86,1287700,44.43,44.689999,42.970001,43.119999,42.170593,2201000,13328.360352,13353.280273,12828.019531,12830.959961,12830.959961,6195370000
2022-03-08,73.110001,76.360001,73.110001,74.830002,71.305847,1539000,4.0,4.79,3.33,3.99,3.99,18062500,43.0,43.32,42.200001,42.610001,41.671822,4700700,12800.040039,13159.44043,12670.080078,12795.549805,12795.549805,6683960000
2022-03-09,73.459999,76.0,72.470001,74.870003,71.343964,1822200,3.44,3.85,3.33,3.76,3.76,2061200,42.93,42.98,42.0,42.869999,41.926098,527000,13113.700195,13301.160156,13039.790039,13255.549805,13255.549805,5396550000
2022-03-10,75.5,76.779999,74.660004,75.300003,71.753716,1748800,3.8,3.8,3.22,3.6,3.6,1500200,43.25,43.830002,43.139999,43.810001,42.845402,613600,13098.349609,13163.5,12946.280273,13129.959961,13129.959961,5071250000
2022-03-11,74.559998,75.610001,73.910004,74.07,70.581642,1308600,3.71,3.95,3.46,3.61,3.61,2098300,43.490002,43.599998,42.779999,42.919998,41.974995,436500,13229.769531,13239.349609,12830.370117,12843.80957,12843.80957,5288210000
2022-03-14,72.93,72.940002,69.040001,69.529999,66.255447,1555800,3.54,3.63,3.25,3.62,3.62,837300,42.299999,42.389999,40.799999,41.040001,40.136391,669500,12795.120117,12918.009766,12555.349609,12581.219727,12581.219727,5876710000
2022-03-15,68.0,68.75,67.300003,68.419998,65.197731,1365500,3.58,3.62,3.37,3.5,3.5,344400,39.900002,40.389999,39.599998,40.389999,39.500702,615200,12685.230469,12973.879883,12616.589844,12948.620117,12948.620117,5440100000
2022-03-16,69.360001,70.5,68.669998,70.470001,67.151184,915500,3.43,3.63,3.21,3.3,3.3,660400,41.27,42.360001,41.169998,42.34,41.407768,873400,13119.370117,13440.120117,12992.200195,13436.549805,13436.549805,6552210000
2022-03-17,71.0,73.410004,70.809998,73.080002,69.638268,1119700,3.3,3.48,3.15,3.29,3.29,439700,42.459999,43.380001,42.34,43.32,42.366188,342900,13360.719727,13620.799805,13317.139648,13614.780273,13614.780273,5612090000
2022-03-18,72.550003,74.349998,72.099998,74.309998,70.810341,1833000,3.21,3.35,3.12,3.29,3.29,411000,43.32,44.130001,43.139999,43.91,42.943199,924700,13564.629883,13899.280273,13528.05957,13893.839844,13893.839844,8149290000
2022-03-21,74.989998,77.610001,74.949997,77.07,73.440353,1079000,3.32,3.59,3.3,3.45,3.45,416600,44.150002,45.23,44.150002,44.970001,43.979862,442100,13860.389648,13945.80957,13682.549805,13838.459961,13838.459961,5673940000
2022-03-22,77.080002,78.720001,76.230003,76.550003,72.944847,1052300,3.47,3.47,3.26,3.45,3.45,224600,45.34,45.689999,44.900002,45.18,44.185238,473700,13866.429688,14141.070313,13857.290039,14108.820313,14108.820313,5445100000
2022-03-23,77.099998,78.440002,76.82,77.57,73.916809,839100,3.46,3.53,3.32,3.41,3.41,211200,45.290001,45.959999,45.080002,45.669998,44.664448,845500,13990.349609,14152.139648,13921.650391,13922.599609,13922.599609,5024230000
2022-03-24,76.400002,77.489998,75.769997,77.110001,73.47847,1186400,3.42,3.51,3.29,3.35,3.35,237300,45.810001,46.48,45.810001,46.18,45.163219,432500,14001.320313,14193.549805,13897.200195,14191.839844,14191.839844,5149520000
2022-03-25,77.0,77.809998,76.309998,77.660004,74.002579,887600,3.37,3.5,3.29,3.4,3.4,217900,46.169998,46.59,46.009998,46.470001,45.446835,866600,14194.719727,14218.759766,14010.790039,14169.299805,14169.299805,5585100000
2022-03-28,77.0,77.0,75.029999,76.260002,72.668503,617200,3.42,3.51,3.28,3.51,3.51,318600,45.93,46.049999,45.25,46.02,45.006741,545300,14177.209961,14356.0,14101.339844,14354.900391,14354.900391,5129500000
2022-03-29,75.639999,76.720001,74.919998,76.43,72.830498,788300,3.5,3.71,3.39,3.49,3.49,454100,45.700001,45.700001,44.900002,45.52,44.51775,508000,14500.389648,14646.900391,14419.400391,14619.639648,14619.639648,6060890000
2022-03-30,77.0,77.800003,76.330002,76.839996,73.221176,708600,3.47,4.03,3.44,3.74,3.74,1936200,45.529999,46.25,45.529999,45.919998,44.908943,364600,14558.589844,14609.25,14383.450195,14442.269531,14442.269531,5479200000
2022-03-31,76.949997,77.779999,75.879997,75.900002,72.325462,880500,3.85,4.45,3.75,4.19,4.19,2544900,45.869999,46.0,45.5,45.509998,44.507969,181500,14444.780273,14456.740234,14217.719727,14220.519531,14220.519531,5453890000
2022-04-01,76.43,78.18,76.269997,78.169998,74.488556,976400,4.19,4.23,3.77,3.95,3.95,914900,45.860001,46.75,45.849998,46.700001,45.671772,780300,14269.530273,14306.94043,14131.80957,14261.5,14261.5,5002790000
2022-04-04,78.760002,79.32,77.370003,78.0,74.326561,861400,3.94,3.96,3.66,3.89,3.89,364100,47.119999,47.169998,46.529999,46.849998,45.818466,402900,14304.349609,14534.379883,14286.450195,14532.549805,14532.549805,4630100000
2022-04-05,77.629997,78.0,74.050003,74.220001,70.724579,1699400,3.81,4.02,3.69,3.95,3.95,375100,46.91,47.23,45.32,45.509998,44.507969,454300,14490.259766,14500.290039,14169.120117,14204.169922,14204.169922,4727710000
2022-04-06,73.849998,74.400002,71.959999,72.889999,69.457214,996100,3.95,3.95,3.68,3.89,3.89,230100,45.110001,45.299999,44.220001,44.619999,43.637566,366700,14002.580078,14032.839844,13788.900391,13888.820313,13888.820313,5360420000
2022-04-07,72.889999,74.019997,72.389999,73.43,69.971786,606300,3.9,3.92,3.74,3.89,3.89,205200,44.580002,45.209999,44.27,45.060001,44.067879,259500,13861.490234,13978.25,13689.230469,13897.299805,13897.299805,4856090000
2022-04-08,73.989998,74.830002,73.57,73.830002,70.352951,618900,3.92,3.92,3.68,3.69,3.69,372500,45.639999,45.639999,45.09,45.439999,44.43951,554700,13830.469727,13866.05957,13693.69043,13711.0,13711.0,4574080000
2022-04-11,73.709999,73.910004,72.489998,73.540001,70.076607,652300,3.67,3.76,3.42,3.44,3.44,319700,45.110001,45.23,44.16,44.509998,43.529987,577400,13547.290039,13585.080078,13401.389648,13411.959961,13411.959961,4946680000
2022-04-12,74.970001,75.480003,73.25,73.389999,69.933662,667500,3.49,3.67,3.46,3.52,3.52,125300,45.130001,45.439999,44.560001,44.669998,43.686462,267600,13584.69043,13685.950195,13317.740234,13371.570313,13371.570313,4991720000
2022-04-13,73.809998,74.639999,73.639999,74.599998,71.086678,878400,3.5,3.72,3.5,3.65,3.65,101900,44.970001,46.25,44.970001,46.209999,45.192558,662200,13373.120117,13679.429688,13353.660156,13643.589844,13643.589844,4909720000
2022-04-14,74.339996,74.720001,72.660004,72.790001,69.361923,878500,3.71,3.71,3.49,3.49,3.49,153800,46.459999,46.5,45.889999,46.110001,45.094761,184200,13647.429688,13662.929688,13345.219727,13351.080078,13351.080078,4642240000
2022-04-18,73.080002,73.989998,72.660004,73.220001,69.771667,597400,3.51,3.57,3.45,3.52,3.52,95600,46.220001,46.689999,46.16,46.529999,45.505512,441000,13319.389648,13414.269531,13222.030273,13332.360352,13332.360352,4365230000
2022-04-19,72.370003,73.18,72.120003,72.68,69.257103,679200,3.52,3.65,3.43,3.6,3.6,177500,46.23,46.43,45.900002,46.34,45.319695,525300,13312.44043,13643.969727,13281.219727,13619.660156,13619.660156,4562840000
2022-04-20,72.0,72.220001,70.5,71.790001,68.409019,1089700,3.63,3.75,3.52,3.71,3.71,139800,45.860001,45.91,44.91,45.540001,44.537312,292300,13665.379883,13678.549805,13426.129883,13453.070313,13453.070313,4678930000
2022-04-21,71.050003,71.440002,67.010002,68.169998,64.959503,1997600,3.71,3.74,3.52,3.53,3.53,164200,45.360001,45.360001,42.66,43.119999,42.170593,1444100,13623.700195,13710.700195,13140.830078,13174.650391,13174.650391,5233110000
2022-04-22,67.589996,68.07,65.529999,66.139999,63.025108,1414100,3.51,3.6,3.43,3.47,3.47,154500,42.75,42.790001,40.889999,41.0,40.097271,674400,13168.799805,13212.599609,12828.019531,12839.290039,12839.290039,4475090000
2022-04-25,64.32,64.769997,62.27,64.290001,61.262238,2091500,3.4,3.45,3.26,3.41,3.41,120500,39.709999,40.32,39.099998,40.23,39.344223,7750800,12749.169922,13011.450195,12722.589844,13004.849609,13004.849609,4845160000
2022-04-26,64.25,64.300003,61.959999,62.07,59.146782,1466100,3.4,3.44,3.17,3.2,3.2,177400,39.849998,39.880001,38.57,38.599998,37.750111,1104700,12918.040039,12918.040039,12490.740234,12490.740234,12490.740234,5168160000
2022-04-27,63.490002,64.470001,62.73,62.919998,59.956753,1073900,3.2,3.38,3.15,3.27,3.27,97200,39.450001,40.419998,39.450001,40.139999,39.256207,493700,12500.879883,12703.790039,12430.900391,12488.929688,12488.929688,4810720000
2022-04-28,63.0,63.959999,61.259998,63.0,60.032986,992500,3.33,3.36,3.16,3.22,3.22,110300,40.549999,40.73,39.77,40.5,39.60828,649300,12712.860352,12948.519531,12487.860352,12871.530273,12871.530273,5067150000
2022-04-29,64.07,65.160004,62.200001,62.27,59.337368,1242000,3.23,3.32,3.15,3.15,3.15,96800,40.900002,41.400002,40.040001,40.040001,39.158409,487100,12710.419922,12861.830078,12315.740234,12334.639648,12334.639648,4733070000
2022-05-02,61.48,62.029999,60.59,61.869999,58.956207,1083300,3.12,3.24,3.03,3.11,3.11,121800,39.639999,39.639999,38.900002,39.509998,38.640076,576200,12331.69043,12542.540039,12202.410156,12536.019531,12536.019531,4918240000
2022-05-03,61.93,63.459999,61.93,62.759998,59.804287,1250600,3.09,3.11,3.0,3.02,3.02,229800,39.799999,40.23,39.57,39.939999,39.060608,703700,12511.459961,12645.830078,12460.990234,12563.759766,12563.759766,4547280000
2022-05-04,62.75,65.190002,62.299999,64.93,61.872093,1235200,3.02,3.16,2.87,3.15,3.15,216100,39.790001,40.880001,39.16,40.799999,39.901672,444300,12574.730469,12985.009766,12367.019531,12964.860352,12964.860352,5498050000
2022-05-05,64.949997,65.029999,61.43,62.59,59.642296,1260800,3.19,3.19,2.99,3.04,3.04,121200,40.509998,40.509998,38.209999,38.689999,37.838131,1517500,12787.519531,12787.519531,12183.55957,12317.69043,12317.69043,5308920000
2022-05-06,61.700001,61.84,59.889999,61.41,58.517868,1430100,3.01,3.07,2.89,2.9,2.9,157700,38.349998,38.349998,36.759998,37.98,37.143764,1847800,12246.830078,12358.419922,11990.150391,12144.660156,12144.660156,5324480000
2022-05-09,59.459999,59.919998,58.139999,58.380001,55.630566,1855900,2.84,2.89,2.61,2.64,2.64,161400,37.080002,37.080002,35.549999,35.700001,34.913967,1250300,11923.030273,11990.610352,11574.94043,11623.25,11623.25,5939140000
2022-05-10,59.09,59.310001,57.080002,57.709999,54.992119,1895100,2.72,2.8,2.63,2.73,2.73,93900,36.119999,36.27,34.77,35.200001,34.424976,1001100,11900.339844,11944.94043,11566.280273,11737.669922,11737.669922,6218260000
2022-05-11,58.5,59.040001,56.93,57.040001,54.35368,1405400,2.71,2.79,2.59,2.63,2.63,131400,35.459999,36.650002,35.459999,35.509998,34.728146,429900,11645.570313,11844.509766,11339.179688,11364.240234,11364.240234,6152370000
2022-05-12,56.0,56.529999,54.029999,54.700001,52.123878,2841000,2.6,2.69,2.53,2.62,2.62,108000,34.57,35.0,33.93,34.360001,33.60347,461100,11199.25,11547.330078,11108.759766,11370.959961,11370.959961,6679470000
2022-05-13,55.0,56.0,54.060001,55.060001,52.466927,2722400,2.68,2.83,2.59,2.73,2.73,144000,34.66,35.790001,34.66,35.459999,34.679249,448800,11555.969727,11856.709961,11510.259766,11805.0,11805.0,5894020000
2022-05-16,54.150002,54.560001,53.360001,53.93,52.583931,1759900,2.74,2.89,2.7,2.76,2.76,65000,35.599998,36.349998,35.540001,36.099998,35.305157,318300,11727.139648,11804.589844,11627.530273,11662.790039,11662.790039,4930250000
2022-05-17,54.759998,57.029999,54.540001,56.970001,55.548054,1982700,2.82,2.93,2.77,2.93,2.93,58100,37.240002,37.900002,37.130001,37.810001,36.977509,388200,11905.570313,11988.429688,11754.280273,11984.519531,11984.519531,5093960000
2022-05-18,56.689999,57.200001,55.630001,55.880001,54.48526,1857900,2.98,2.98,2.8,2.85,2.85,77000,37.66,37.700001,36.470001,36.619999,35.813709,376300,11790.679688,11826.219727,11381.69043,11418.150391,11418.150391,5064120000
2022-05-19,56.060001,58.919998,56.060001,58.209999,56.757103,1920400,2.81,2.98,2.79,2.79,2.79,81600,36.75,38.639999,36.75,38.23,37.38826,890800,11364.400391,11562.820313,11313.30957,11388.5,11388.5,5154410000
2022-05-20,58.970001,59.130001,57.759998,59.060001,57.585888,1623800,2.85,2.85,2.76,2.79,2.79,43800,38.77,38.799999,37.59,38.18,37.339363,441400,11542.669922,11552.209961,11035.69043,11354.620117,11354.620117,5434370000
2022-05-23,60.52,61.139999,59.779999,60.459999,58.950943,1615400,2.9,2.93,2.81,2.83,2.83,64900,38.939999,39.349998,38.419998,39.169998,38.307564,600900,11396.280273,11552.070313,11304.55957,11535.269531,11535.269531,4552200000
2022-05-24,60.150002,61.220001,59.349998,61.049999,59.526218,1343300,2.8,2.89,2.72,2.89,2.89,38400,38.529999,39.029999,38.470001,38.82,37.965271,315300,11326.44043,11351.610352,11092.480469,11264.450195,11264.450195,4724430000
2022-05-25,60.439999,61.330002,60.220001,61.049999,59.526218,1014200,2.89,2.96,2.83,2.88,2.88,32400,38.57,38.860001,38.349998,38.709999,37.857693,401000,11225.030273,11511.900391,11211.849609,11434.740234,11434.740234,4519690000
2022-05-26,61.049999,61.52,60.02,61.18,59.652973,847200,2.89,3.02,2.86,2.95,2.95,70200,38.720001,39.139999,38.720001,39.049999,38.190205,274200,11409.839844,11796.969727,11406.160156,11740.650391,11740.650391,4672620000
2022-05-27,62.110001,62.799999,61.27,62.759998,61.193535,1087800,2.95,3.08,2.92,3.05,3.05,128000,39.360001,39.75,39.25,39.700001,38.825893,307800,11869.69043,12131.660156,11856.820313,12131.129883,12131.129883,4793900000
2022-05-31,63.299999,64.150002,61.279999,61.779999,60.237995,2141200,2.83,3.05,2.76,2.77,2.77,149000,40.099998,40.5,39.27,39.540001,38.669418,682700,12137.540039,12190.080078,11942.5,12081.389648,12081.389648,6045500000
2022-06-01,62.09,62.75,61.150002,61.990002,60.442757,1310300,3.0,3.0,2.74,2.9,2.9,147900,39.810001,40.209999,39.09,39.52,38.649857,293800,12176.889648,12237.94043,11901.429688,11994.459961,11994.459961,4719900000
2022-06-02,63.5,64.519997,63.349998,64.400002,62.792606,1327800,2.94,3.05,2.88,2.98,2.98,77700,40.43,41.400002,40.330002,41.349998,40.439564,681900,11945.570313,12320.120117,11901.450195,12316.900391,12316.900391,4445840000
2022-06-03,63.599998,64.18,62.970001,63.439999,61.856564,867700,2.94,2.96,2.88,2.96,2.96,43600,41.290001,41.290001,40.5,40.740002,39.842999,167500,12097.120117,12167.44043,11966.620117,12012.730469,12012.730469,4130040000
2022-06-06,64.099998,64.68,63.52,64.080002,62.480591,1186600,2.98,3.1,2.92,3.07,3.07,90700,41.060001,41.459999,41.029999,41.25,40.341766,594600,12200.330078,12245.400391,12004.200195,12061.370117,12061.370117,4647010000
2022-06-07,63.299999,64.970001,63.299999,64.889999,63.270374,899200,3.04,3.05,2.95,3.0,3.0,49100,40.990002,41.790001,40.73,41.68,40.762299,301800,11925.80957,12194.860352,11888.610352,12175.230469,12175.230469,4411240000
2022-06-08,64.0,64.260002,63.169998,63.299999,61.720058,822000,3.0,3.01,2.9,2.99,2.99,39100,41.200001,41.209999,40.509998,40.75,39.852776,260400,12147.280273,12235.780273,12052.700195,12086.269531,12086.269531,4708980000
2022-06-09,62.59,62.889999,61.029999,61.099998,59.57497,928500,2.88,3.03,2.88,2.94,2.94,34200,40.349998,40.450001,39.299999,39.380001,38.512939,394800,12016.469727,12115.05957,11751.980469,11754.230469,11754.230469,5408460000
2022-06-10,59.82,60.68,59.389999,60.110001,58.60968,944100,2.97,2.97,2.79,2.89,2.89,65000,38.630001,38.66,38.060001,38.459999,37.613194,650500,11543.879883,11569.150391,11328.269531,11340.019531,11340.019531,5152020000
2022-06-13,58.150002,58.860001,56.369999,57.73,56.289082,1188400,2.89,2.89,2.65,2.65,2.65,78000,37.200001,37.279999,36.099998,36.43,35.627892,679600,10986.849609,11071.480469,10775.139648,10809.230469,10809.230469,5937320000
2022-06-14,57.73,57.919998,56.57,57.209999,55.782063,1064200,2.66,2.73,2.63,2.66,2.66,62000,36.5,36.630001,35.630001,35.919998,35.12912,288000,10897.429688,10926.80957,10733.040039,10828.349609,10828.349609,4819890000
2022-06-15,58.16,58.349998,56.419998,57.650002,56.211082,1024300,2.63,2.8,2.63,2.77,2.77,74300,36.580002,36.830002,35.720001,36.509998,35.706131,540400,10968.400391,11244.259766,10866.389648,11099.150391,11099.150391,5368500000
2022-06-16,56.0,57.110001,55.5,56.200001,54.797272,1532100,2.81,2.81,2.55,2.61,2.61,99400,35.610001,35.700001,34.650002,35.0,34.229378,760500,10806.019531,10831.070313,10565.139648,10646.099609,10646.099609,5696630000
2022-06-17,55.77,56.16,54.830002,55.450001,54.06599,2338100,2.59,2.61,2.52,2.59,2.59,78500,34.939999,34.939999,33.849998,34.529999,33.769726,403600,10697.549805,10884.709961,10638.719727,10798.349609,10798.349609,7452830000
2022-06-21,55.799999,56.310001,55.25,55.32,53.93924,1097800,2.6,2.7,2.6,2.68,2.68,40700,34.860001,35.18,34.689999,34.779999,34.014221,439300,10974.049805,11164.990234,10974.049805,11069.299805,11069.299805,5226260000
2022-06-22,53.549999,53.84,52.52,52.849998,51.530888,1529900,2.74,2.92,2.62,2.75,2.75,98700,33.639999,33.639999,32.799999,32.91,32.185394,770400,10941.950195,11216.769531,10938.05957,11053.080078,11053.080078,5238180000
2022-06-23,51.990002,52.400002,48.900002,49.540001,48.303505,2853400,2.77,2.95,2.61,2.95,2.95,116300,32.389999,32.389999,30.629999,30.92,30.23921,954500,11137.679688,11260.269531,11046.280273,11232.19043,11232.19043,5258200000
2022-06-24,49.610001,52.07,49.439999,51.5,50.214581,2503200,2.94,3.1,2.82,3.02,3.02,335000,31.209999,32.200001,31.030001,32.16,31.451908,307400,11351.30957,11613.230469,11337.780273,11607.620117,11607.620117,9468130000
2022-06-27,52.099998,52.68,51.310001,51.59,50.302338,2047500,3.05,3.06,2.98,3.02,3.02,35000,32.279999,33.040001,32.25,32.790001,32.068039,435600,11661.019531,11677.490234,11487.070313,11524.549805,11524.549805,5047860000
2022-06-28,52.59,53.360001,51.66,51.869999,50.575344,1182500,3.07,3.08,2.74,2.78,2.78,82900,33.299999,33.540001,32.52,32.610001,31.892,347400,11542.240234,11635.849609,11177.679688,11181.540039,11181.540039,5433220000
2022-06-29,52.560001,52.560001,50.860001,51.450001,50.165833,1056900,2.79,2.79,2.68,2.77,2.77,43100,32.32,32.32,31.02,31.07,31.07,627300,11160.219727,11226.330078,11072.19043,11177.889648,11177.889648,5650860000
2022-06-30,50.349998,50.73,49.150002,49.810001,48.566765,1558800,2.77,2.79,2.69,2.75,2.75,46100,30.389999,30.639999,29.84,30.379999,30.379999,1129600,11048.25,11160.919922,10850.009766,11028.740234,11028.740234,5654520000
2022-07-01,49.130001,50.119999,48.41,50.110001,48.85928,1288600,2.72,2.79,2.68,2.77,2.77,34700,29.82,29.99,29.030001,29.790001,29.790001,867900,11006.830078,11132.549805,10922.709961,11127.849609,11127.849609,4865730000
2022-07-05,48.310001,48.490002,46.5,47.860001,46.665436,1707000,2.76,2.76,2.6,2.64,2.64,53000,28.75,28.75,27.67,28.24,28.24,681400,10964.179688,11323.889648,10911.450195,11322.240234,11322.240234,5053570000
2022-07-06,47.810001,48.82,46.709999,48.759998,47.542969,2231200,2.73,2.75,2.61,2.75,2.75,61600,28.18,28.33,27.34,28.219999,28.219999,694100,11337.900391,11443.150391,11250.320313,11361.849609,11361.849609,4851170000
2022-07-07,50.630001,51.599998,50.580002,51.240002,49.961075,2120300,2.78,2.88,2.71,2.79,2.79,53800,29.24,30.559999,29.24,29.93,29.93,1207800,11422.599609,11644.469727,11412.879883,11621.349609,11621.349609,4685050000
2022-07-08,51.130001,51.360001,50.130001,51.139999,49.863567,1645300,2.75,2.81,2.69,2.69,2.69,16400,29.91,29.91,29.08,29.450001,29.450001,358600,11503.610352,11689.700195,11479.769531,11635.30957,11635.30957,4526570000
2022-07-11,49.610001,50.169998,49.060001,49.25,48.020741,1188900,2.72,2.72,2.63,2.63,2.63,37500,28.700001,28.799999,28.049999,28.120001,28.120001,352300,11524.490234,11541.099609,11348.05957,11372.599609,11372.599609,4362910000
2022-07-12,48.450001,49.450001,48.290001,48.360001,47.152954,1309300,2.63,2.7,2.59,2.65,2.65,32300,27.950001,27.969999,27.43,27.5,27.5,455300,11420.889648,11483.169922,11207.080078,11264.730469,11264.730469,4317860000
2022-07-13,47.669998,48.869999,47.099998,48.240002,47.03595,1429300,2.58,2.75,2.58,2.74,2.74,77600,27.299999,27.860001,26.969999,27.540001,27.540001,320300,11056.549805,11325.669922,11031.269531,11247.580078,11247.580078,4433060000
2022-07-14,46.099998,46.66,44.700001,45.939999,44.793358,2542200,2.68,2.72,2.62,2.64,2.64,35400,26.76,26.76,26.01,26.52,26.52,644600,11151.209961,11279.969727,11005.929688,11251.19043,11251.19043,4481070000
2022-07-15,46.349998,47.07,45.279999,46.959999,45.787899,1219600,2.81,2.81,2.7,2.79,2.79,70300,26.610001,26.959999,26.139999,26.91,26.91,536200,11379.360352,11454.69043,11295.330078,11452.419922,11452.419922,4369060000
2022-07-18,48.439999,48.970001,47.639999,47.82,46.626434,1535400,2.8,2.82,2.72,2.78,2.78,38900,27.860001,28.34,27.780001,27.83,27.83,717800,11561.639648,11629.030273,11322.839844,11360.049805,11360.049805,5057920000
2022-07-19,47.669998,49.200001,47.419998,49.080002,47.854988,1400000,2.79,2.83,2.74,2.74,2.74,40000,27.950001,28.42,27.67,28.41,28.41,1195800,11515.0,11721.219727,11448.969727,11713.150391,11713.150391,5302740000
2022-07-20,49.080002,49.610001,48.470001,48.490002,47.279713,1107100,2.81,3.17,2.8,2.97,2.97,357800,28.620001,28.620001,28.09,28.24,28.24,273400,11726.089844,11939.959961,11703.360352,11897.650391,11897.650391,5467080000
2022-07-21,48.09,49.25,47.580002,49.240002,48.010994,1214000,2.95,2.98,2.8,2.9,2.9,89400,28.200001,28.27,27.66,28.26,28.26,442800,11914.150391,12060.589844,11812.719727,12059.610352,12059.610352,4680930000
2022-07-22,50.200001,50.240002,47.93,48.07,46.870193,1262100,2.87,2.94,2.85,2.85,2.85,61600,28.459999,28.690001,27.85,27.940001,27.940001,433100,12025.370117,12093.019531,11767.19043,11834.110352,11834.110352,4721880000
2022-07-25,49.080002,50.07,48.77,49.209999,47.981739,1679000,3.02,3.04,2.83,2.97,2.97,52900,28.370001,28.58,28.139999,28.280001,28.280001,416200,11837.959961,11855.110352,11707.530273,11782.669922,11782.669922,4346520000
2022-07-26,49.610001,49.610001,48.66,48.84,47.620975,1167300,2.98,2.98,2.9,2.96,2.96,32500,28.549999,28.67,27.969999,28.059999,28.059999,562000,11701.530273,11711.30957,11533.370117,11562.570313,11562.570313,4349760000
2022-07-27,48.700001,48.919998,46.439999,48.32,47.113956,2375700,2.95,2.99,2.91,2.99,2.99,39700,28.290001,28.91,27.77,28.9,28.9,346000,11756.19043,12081.730469,11718.379883,12032.419922,12032.419922,4588480000
2022-07-28,49.169998,49.799999,46.740002,47.880001,46.684937,2096400,2.9,2.95,2.86,2.87,2.87,64600,29.27,29.49,28.620001,29.209999,29.209999,407300,12036.480469,12179.089844,11886.669922,12162.589844,12162.589844,4924950000
2022-07-29,48.189999,50.220001,47.75,49.799999,48.557014,2067600,2.9,3.0,2.86,2.98,2.98,60800,29.65,30.6,29.360001,30.49,30.49,530300,12239.69043,12426.259766,12181.129883,12390.69043,12390.69043,4907410000
2022-08-01,49.25,49.25,47.290001,47.93,46.733688,1527700,2.99,2.99,2.86,2.94,2.94,32800,30.379999,30.469999,29.59,29.82,29.82,579300,12317.959961,12499.719727,12271.980469,12368.980469,12368.980469,4396390000
2022-08-02,47.689999,47.950001,46.73,46.790001,45.622143,1537800,2.92,2.98,2.84,2.89,2.89,45000,29.51,29.540001,28.799999,28.870001,28.870001,1201100,12287.669922,12503.339844,12260.480469,12348.759766,12348.759766,4792140000
2022-08-03,47.0,47.060001,45.880001,46.459999,45.300377,1554300,2.89,2.89,2.74,2.82,2.82,59900,28.950001,29.01,28.51,28.74,28.74,367800,12433.870117,12699.639648,12425.209961,12668.160156,12668.160156,5667990000
2022-08-04,46.689999,46.860001,46.110001,46.299999,45.144371,1316300,2.8,2.83,2.65,2.71,2.71,61300,28.75,29.23,28.75,29.0,29.0,193900,12675.040039,12736.19043,12600.780273,12720.580078,12720.580078,5451470000
2022-08-05,46.200001,47.810001,45.799999,47.450001,46.265671,1406200,2.67,2.88,2.67,2.88,2.88,88000,28.83,29.629999,28.65,29.58,29.58,229700,12538.799805,12720.44043,12525.769531,12657.549805,12657.549805,4911300000
2022-08-08,48.189999,48.880001,47.259998,47.630001,46.441177,1627600,2.89,2.91,2.81,2.91,2.91,57800,30.459999,31.0,30.280001,30.719999,30.719999,513600,12703.719727,12855.150391,12597.75,12644.459961,12644.459961,5238600000
2022-08-09,47.779999,47.91,47.060001,47.830002,46.636185,1379200,2.93,2.93,2.76,2.89,2.89,35900,30.780001,30.860001,30.219999,30.41,30.41,687700,12557.490234,12582.910156,12438.860352,12493.929688,12493.929688,5307340000
2022-08-10,47.950001,48.68,47.599998,48.299999,47.844685,1472900,2.86,2.97,2.86,2.97,2.97,37400,30.950001,31.77,30.58,31.66,31.66,460600,12793.44043,12861.44043,12698.610352,12854.799805,12854.799805,5196210000
2022-08-11,48.759998,49.860001,48.470001,48.599998,48.141853,1436100,3.0,3.0,2.92,2.97,2.97,41500,31.92,32.360001,31.780001,31.790001,31.790001,325200,12944.820313,13026.240234,12760.089844,12779.910156,12779.910156,5815960000
2022-08-12,48.290001,49.240002,47.950001,49.18,48.716389,891800,3.0,3.0,2.89,3.0,3.0,45000,31.75,32.200001,31.540001,32.200001,32.200001,435100,12866.30957,13047.19043,12821.219727,13047.19043,13047.19043,4782610000
2022-08-15,47.77,48.59,47.290001,48.580002,48.122047,1545900,3.04,3.04,2.95,3.0,3.0,35100,31.049999,31.219999,30.6,31.120001,31.120001,506500,12996.629883,13146.05957,12993.780273,13128.049805,13128.049805,4476040000
2022-08-16,49.080002,49.41,48.459999,49.32,48.855068,917900,3.0,3.03,2.91,3.0,3.0,42400,31.43,31.75,31.35,31.549999,31.549999,733300,13082.639648,13181.089844,12979.240234,13102.549805,13102.549805,5028410000
2022-08-17,48.41,48.580002,47.759998,48.16,47.706005,1370400,2.95,3.0,2.93,2.95,2.95,16100,31.219999,31.219999,30.65,30.950001,30.950001,896900,12968.629883,13053.509766,12863.009766,12938.120117,12938.120117,5229520000
2022-08-18,48.5,49.630001,48.41,49.419998,48.954124,1199700,2.95,2.98,2.9,2.96,2.96,29400,31.219999,31.450001,31.07,31.379999,31.379999,258000,12937.790039,13002.660156,12873.490234,12965.339844,12965.339844,4724350000
2022-08-19,48.790001,48.98,48.110001,48.400002,47.943745,1033500,2.91,2.96,2.86,2.87,2.87,55300,31.120001,31.129999,30.379999,30.629999,30.629999,448200,12832.269531,12859.009766,12674.870117,12705.219727,12705.219727,4628170000
2022-08-22,47.619999,48.080002,47.200001,47.689999,47.240433,1108800,2.81,2.94,2.81,2.9,2.9,54200,30.26,30.43,30.09,30.23,30.23,349900,12523.160156,12538.549805,12353.730469,12381.570313,12381.570313,4270980000
2022-08-23,48.400002,50.16,48.279999,49.380001,48.914505,1330600,2.87,3.01,2.87,2.96,2.96,55800,30.59,31.73,30.459999,31.690001,31.690001,534900,12380.370117,12490.849609,12352.030273,12381.299805,12381.299805,3836180000
2022-08-24,48.689999,49.27,48.400002,49.23,48.765915,879600,2.98,3.04,2.93,3.04,3.04,66800,31.35,31.73,31.1,31.58,31.58,392200,12375.150391,12504.330078,12350.160156,12431.530273,12431.530273,3917170000
2022-08-25,49.950001,50.689999,49.209999,50.630001,50.152721,1412600,3.05,3.05,2.98,3.0,3.0,28200,31.879999,32.59,31.879999,32.549999,32.549999,2101900,12506.370117,12641.259766,12471.980469,12639.269531,12639.269531,4323470000
2022-08-26,50.98,51.669998,50.16,51.369999,50.885742,2694300,3.0,3.03,2.98,3.0,3.0,80200,32.830002,32.889999,31.76,31.860001,31.860001,1610000,12630.580078,12655.839844,12141.519531,12141.709961,12141.709961,4530000000
2022-08-29,50.189999,50.630001,49.049999,49.77,49.300827,1832900,2.94,3.1,2.94,3.06,3.06,67100,31.299999,31.690001,31.18,31.379999,31.379999,324200,12021.049805,12124.870117,11981.419922,12017.669922,12017.669922,4209850000
2022-08-30,49.290001,49.330002,47.25,47.540001,47.09185,1917500,3.03,3.2,3.03,3.12,3.12,80800,31.200001,31.34,29.879999,30.08,30.08,414400,12093.05957,12101.849609,11790.019531,11883.139648,11883.139648,4681520000
2022-08-31,47.25,47.869999,46.700001,47.07,46.626278,1770300,3.13,3.19,3.07,3.12,3.12,46700,29.940001,30.280001,29.700001,29.85,29.85,1209500,11972.55957,12027.429688,11814.169922,11816.200195,11816.200195,4952010000
2022-09-01,45.73,45.939999,44.66,45.369999,44.942303,1638500,3.13,3.32,3.12,3.32,3.32,120800,29.34,29.34,28.51,28.709999,28.709999,926200,11707.44043,11798.370117,11546.519531,11785.129883,11785.129883,4792890000
2022-09-02,46.470001,46.900002,45.59,45.689999,45.259285,1049600,3.33,3.33,3.23,3.25,3.25,68200,29.299999,29.639999,28.940001,29.049999,29.049999,264900,11899.139648,11945.910156,11573.509766,11630.860352,11630.860352,4257410000
2022-09-06,46.099998,46.419998,44.970001,45.130001,44.704567,1184900,3.33,3.33,3.25,3.26,3.26,31800,29.5,29.809999,29.139999,29.280001,29.280001,297900,11643.030273,11679.429688,11471.5,11544.910156,11544.910156,4622940000
2022-09-07,44.560001,45.810001,44.310001,45.73,45.298912,1639700,3.25,3.35,3.23,3.32,3.32,55100,28.92,29.32,28.65,29.32,29.32,252300,11559.379883,11819.070313,11555.080078,11791.900391,11791.900391,4445640000
2022-09-08,45.889999,47.509998,45.509998,47.310001,46.864017,1513600,3.26,3.33,3.26,3.27,3.27,42300,29.309999,30.299999,29.25,30.219999,30.219999,473000,11679.860352,11896.730469,11660.530273,11862.129883,11862.129883,4329910000
2022-09-09,48.029999,49.349998,48.029999,49.200001,48.736202,1269700,3.27,3.33,3.27,3.3,3.3,53600,30.940001,31.469999,30.9,31.4,31.4,608800,11958.610352,12132.669922,11958.610352,12112.30957,12112.30957,4401590000
2022-09-12,50.0,50.09,49.009998,49.549999,49.082901,1686100,3.3,3.36,3.28,3.36,3.36,39000,31.77,32.220001,31.629999,32.02,32.02,434700,12174.94043,12270.19043,12169.280273,12266.410156,12266.410156,4146680000
2022-09-13,48.0,49.07,47.759998,48.209999,47.755531,1489200,3.24,3.32,3.21,3.26,3.26,56300,31.0,31.59,30.68,30.75,30.75,323500,11908.80957,11957.969727,11604.429688,11633.570313,11633.570313,5188380000
2022-09-14,47.790001,47.900002,46.5,46.860001,46.418259,1092000,3.25,3.34,3.25,3.32,3.32,45800,30.709999,30.709999,30.209999,30.59,30.59,245600,11680.410156,11746.830078,11602.759766,11719.679688,11719.679688,4861530000
2022-09-15,46.73,47.959999,46.509998,46.759998,46.319199,1265400,3.33,3.34,3.27,3.3,3.3,40700,30.5,30.75,29.91,30.049999,30.049999,365700,11633.240234,11760.730469,11497.110352,11552.360352,11552.360352,4805910000
2022-09-16,46.700001,47.459999,46.080002,46.68,46.239956,2439800,3.25,3.3,3.17,3.3,3.3,130800,29.58,30.030001,29.219999,29.889999,29.889999,501900,11401.209961,11460.429688,11316.919922,11448.400391,11448.400391,7451840000
2022-09-19,45.75,47.849998,45.669998,47.849998,47.398926,927000,3.28,3.4,3.28,3.4,3.4,52600,29.42,30.48,29.25,30.469999,30.469999,477900,11338.570313,11538.129883,11337.830078,11535.019531,11535.019531,4168670000
2022-09-20,47.130001,47.400002,46.610001,47.32,46.87392,975500,3.41,3.43,3.27,3.27,3.27,34300,29.98,30.09,29.450001,29.709999,29.709999,515900,11440.139648,11520.990234,11343.719727,11425.049805,11425.049805,4028100000
2022-09-21,47.509998,47.59,45.360001,45.360001,44.9324,1219400,3.28,3.32,3.2,3.26,3.26,39300,29.9,29.959999,29.07,29.129999,29.129999,289300,11466.209961,11613.570313,11218.990234,11220.19043,11220.19043,4471000000
2022-09-22,46.310001,46.549999,45.380001,45.57,45.140419,1241100,3.24,3.24,3.14,3.16,3.16,37800,29.610001,29.799999,29.09,29.190001,29.190001,278200,11167.379883,11203.769531,11024.639648,11066.80957,11066.80957,4916470000
2022-09-23,44.16,44.259998,42.830002,43.450001,43.040405,1610200,3.1,3.12,2.86,2.92,2.92,73500,28.4,28.4,27.24,27.51,27.51,2377300,10952.69043,10958.290039,10732.719727,10867.929688,10867.929688,5134350000
2022-09-26,42.66,43.77,42.419998,42.810001,42.406437,988300,2.99,3.06,2.84,2.89,2.89,44800,27.07,27.67,26.690001,26.9,26.9,589800,10833.379883,11024.0,10789.049805,10802.919922,10802.919922,4697730000
2022-09-27,43.75,44.130001,43.299999,43.630001,43.218708,1299300,2.89,2.95,2.84,2.86,2.86,36300,27.370001,27.76,27.049999,27.219999,27.219999,353900,10955.290039,11040.980469,10741.019531,10829.5,10829.5,4445050000
2022-09-28,43.560001,44.869999,43.560001,44.700001,44.278622,1349900,2.85,3.1,2.85,3.09,3.09,55800,27.24,28.440001,27.129999,28.389999,28.389999,778200,10817.519531,11101.5,10776.339844,11051.639648,11051.639648,4556100000
2022-09-29,44.990002,45.200001,43.299999,44.799999,44.377678,1738900,3.08,3.12,2.89,2.89,2.89,30100,28.200001,28.440001,27.629999,28.34,28.34,637300,10894.44043,10899.469727,10623.219727,10737.509766,10737.509766,4516630000
2022-09-30,44.459999,46.23,44.380001,44.84,44.417301,1395400,2.88,2.98,2.88,2.88,2.88,26800,28.24,28.860001,27.969999,28.26,28.26,296100,10697.709961,10883.040039,10572.330078,10575.620117,10575.620117,4649710000
2022-10-03,45.779999,48.080002,45.740002,47.740002,47.289967,1713100,2.89,3.11,2.89,3.08,3.08,57400,28.639999,29.65,28.639999,29.549999,29.549999,219000,10659.009766,10875.459961,10577.889648,10815.429688,10815.429688,4415440000
2022-10-04,48.580002,48.91,48.0,48.889999,48.429123,2114900,3.08,3.08,2.92,2.99,2.99,67100,30.200001,30.700001,30.09,30.450001,30.450001,324100,11054.719727,11189.959961,11044.040039,11176.410156,11176.410156,5004780000
2022-10-05,47.98,49.009998,47.599998,48.630001,48.171574,1418600,2.97,3.03,2.94,2.98,2.98,20700,29.870001,30.25,29.5,30.190001,30.190001,211000,11022.669922,11210.320313,10910.759766,11148.639648,11148.639648,4091860000
2022-10-06,47.73,48.619999,47.52,48.299999,47.844685,1512900,3.03,3.03,2.9,2.9,2.9,22500,29.66,30.0,29.32,29.6,29.6,171300,11129.040039,11230.44043,11051.269531,11073.30957,11073.30957,4423320000
2022-10-07,47.66,48.830002,47.439999,47.91,47.458359,1866200,2.9,3.0,2.85,2.89,2.89,48400,29.280001,29.290001,28.65,28.76,28.76,253600,10877.280273,10891.929688,10608.519531,10652.400391,10652.400391,4634190000
2022-10-10,48.290001,49.119999,47.43,47.470001,47.022511,1639100,2.87,2.97,2.83,2.84,2.84,18200,29.049999,29.290001,28.700001,28.76,28.76,98000,10659.950195,10669.929688,10449.040039,10542.099609,10542.099609,3989640000
2022-10-11,46.98,48.18,46.200001,47.279999,46.834297,1433000,2.82,2.85,2.74,2.8,2.8,45600,28.48,28.92,28.09,28.24,28.24,167900,10484.370117,10608.839844,10351.980469,10426.19043,10426.19043,4738840000
2022-10-12,47.060001,48.240002,46.490002,48.07,47.616852,1261700,2.77,2.8,2.73,2.77,2.77,14700,28.299999,28.459999,27.84,28.389999,28.389999,126500,10437.0,10494.530273,10372.209961,10417.099609,10417.099609,4091030000
2022-10-13,46.700001,49.41,46.540001,48.75,48.290443,1403800,2.76,2.86,2.71,2.84,2.84,40000,27.620001,29.219999,27.450001,28.98,28.98,310400,10131.820313,10697.709961,10088.830078,10649.150391,10649.150391,5300080000
2022-10-14,48.799999,48.900002,46.799999,47.029999,46.586655,1488100,2.8,2.86,2.71,2.72,2.72,39400,29.110001,29.110001,27.959999,28.040001,28.040001,186500,10742.80957,10766.69043,10308.80957,10321.389648,10321.389648,4393000000
2022-10-17,48.18,48.889999,47.049999,47.650002,47.200813,1161000,2.77,2.82,2.73,2.82,2.82,37800,28.73,29.059999,28.639999,28.66,28.66,245100,10575.650391,10696.589844,10569.69043,10675.799805,10675.799805,4439190000
2022-10-18,48.32,48.380001,46.810001,47.32,46.87392,1080900,2.78,2.85,2.76,2.85,2.85,35700,29.030001,29.040001,28.1,28.35,28.35,316100,10963.990234,10972.969727,10670.120117,10772.400391,10772.400391,5047360000
2022-10-19,46.900002,47.240002,46.009998,46.41,45.9725,1221700,2.84,2.84,2.75,2.75,2.75,21200,28.129999,28.35,27.809999,28.0,28.0,333800,10689.30957,10808.040039,10592.879883,10680.509766,10680.509766,4955090000
2022-10-20,46.52,48.639999,46.389999,47.150002,46.705528,1944800,2.8,2.89,2.73,2.82,2.82,43900,27.99,28.969999,27.91,27.99,27.99,849100,10657.410156,10837.299805,10574.549805,10614.839844,10614.839844,4628010000
2022-10-21,46.389999,48.830002,45.970001,48.779999,48.320156,2712100,2.89,3.04,2.78,3.02,3.02,105400,27.99,29.25,27.57,29.219999,29.219999,1571200,10576.040039,10875.719727,10542.429688,10859.719727,10859.719727,4706440000
2022-10-24,47.740002,47.93,45.490002,45.82,45.388062,2404200,3.05,3.05,2.86,2.91,2.91,55300,28.790001,28.790001,28.02,28.15,28.15,1079200,10867.070313,10983.519531,10713.330078,10952.610352,10952.610352,4808710000
2022-10-25,45.299999,47.689999,45.169998,47.349998,46.903637,1805900,2.88,3.06,2.88,2.96,2.96,39100,28.299999,28.889999,28.18,28.85,28.85,185700,10996.969727,11210.379883,10996.969727,11199.120117,11199.120117,5141760000
2022-10-26,48.299999,49.66,48.02,49.189999,48.726292,2191800,2.99,3.07,2.96,3.02,3.02,46800,29.1,30.549999,29.1,30.139999,30.139999,658800,10969.019531,11205.839844,10948.379883,10970.990234,10970.990234,5224440000
2022-10-27,48.720001,48.84,47.599998,48.349998,47.894211,1702600,3.09,3.09,2.95,2.99,2.99,37600,30.0,30.129999,29.6,29.780001,29.780001,231800,10971.950195,10998.730469,10780.5,10792.669922,10792.669922,4773520000
2022-10-28,47.880001,48.02,46.189999,47.110001,46.665901,1899100,2.97,3.02,2.86,3.01,3.01,47700,29.469999,29.469999,28.67,29.16,29.16,499900,10766.200195,11117.040039,10766.200195,11102.450195,11102.450195,4731940000
2022-10-31,46.43,47.93,46.360001,46.970001,46.527222,2039500,3.0,3.01,2.93,2.99,2.99,35100,28.75,29.129999,28.559999,28.67,28.67,367400,11028.429688,11047.94043,10914.009766,10988.150391,10988.150391,4753740000
2022-11-01,48.799999,50.240002,48.630001,50.009998,49.538563,2080000,3.07,3.08,2.99,3.02,3.02,33300,29.75,30.309999,29.75,30.08,30.08,618100,11154.740234,11156.349609,10881.19043,10890.849609,10890.849609,4677520000
2022-11-02,49.84,50.099998,47.91,47.990002,47.537609,1466700,2.98,3.04,2.81,2.81,2.81,51700,30.01,30.389999,29.02,29.040001,29.040001,401200,10885.009766,10993.240234,10522.900391,10524.799805,10524.799805,5436420000
2022-11-03,47.290001,48.43,46.650002,48.400002,47.943745,1598800,2.92,2.96,2.87,2.92,2.92,20100,28.690001,29.450001,28.51,29.190001,29.190001,372100,10399.450195,10486.009766,10319.540039,10342.94043,10342.94043,5102190000
2022-11-04,51.689999,53.919998,51.27,53.700001,53.193779,2663700,2.93,3.01,2.93,3.0,3.0,33100,31.120001,32.23,31.08,32.049999,32.049999,1160900,10548.139648,10553.629883,10262.929688,10475.25,10475.25,5453750000
2022-11-07,53.650002,54.139999,52.619999,53.040001,52.540001,1641400,2.98,3.05,2.94,3.05,3.05,26200,32.23,32.25,31.67,31.870001,31.870001,480300,10516.94043,10587.959961,10428.910156,10564.519531,10564.519531,4456690000
2022-11-08,53.25,55.169998,53.029999,54.09,54.09,2239400,3.05,3.09,2.99,3.09,3.09,37800,32.18,33.130001,31.870001,32.860001,32.860001,812100,10611.530273,10745.639648,10472.730469,10616.200195,10616.200195,5134500000
2022-11-09,53.279999,54.419998,53.009998,53.34,53.34,1749100,3.09,3.09,2.96,3.01,3.01,24500,32.619999,32.799999,31.639999,31.709999,31.709999,336000,10528.450195,10564.969727,10344.009766,10353.169922,10353.169922,4977460000
2022-11-10,55.290001,56.240002,54.73,56.220001,56.220001,1590100,3.1,3.17,2.98,3.11,3.11,80500,33.240002,34.16,33.009998,33.860001,33.860001,538500,10869.169922,11119.120117,10779.950195,11114.150391,11114.150391,6433000000
2022-11-11,58.639999,61.139999,58.290001,60.389999,60.389999,2918200,3.16,3.16,3.01,3.08,3.08,44200,34.73,35.599998,34.73,35.32,35.32,857900,11124.75,11352.429688,11069.830078,11323.330078,11323.330078,5867750000
2022-11-14,59.200001,61.0,59.200001,60.48,60.48,1810300,3.11,3.17,3.04,3.1,3.1,35200,35.080002,35.09,34.540001,34.830002,34.830002,958400,11233.900391,11350.120117,11167.169922,11196.219727,11196.219727,5004060000
2022-11-15,61.23,61.889999,60.029999,60.639999,60.639999,1553300,3.12,3.13,3.01,3.09,3.09,33000,35.41,35.529999,34.939999,35.130001,35.130001,639400,11474.820313,11492.620117,11241.150391,11358.410156,11358.410156,5617310000
2022-11-16,59.599998,60.02,58.700001,59.32,59.32,1669500,3.07,3.19,3.04,3.07,3.07,35800,35.0,35.029999,34.41,34.59,34.59,396300,11260.099609,11286.099609,11162.919922,11183.660156,11183.660156,4585190000
2022-11-17,57.849998,58.759998,57.369999,58.580002,58.580002,899700,3.02,3.1,3.0,3.05,3.05,28600,33.59,33.82,33.23,33.740002,33.740002,670300,11008.669922,11198.839844,11006.209961,11144.959961,11144.959961,4354360000
2022-11-18,58.580002,58.73,57.52,58.02,58.02,778700,3.22,3.22,2.97,2.98,2.98,69000,33.849998,33.93,33.310001,33.459999,33.459999,462000,11257.009766,11259.44043,11059.160156,11146.05957,11146.05957,4175420000
2022-11-21,57.07,57.290001,56.259998,57.25,57.25,889500,2.97,3.04,2.96,2.99,2.99,29000,33.009998,33.369999,32.650002,33.330002,33.330002,365800,11091.009766,11128.780273,10999.75,11024.509766,11024.509766,3977130000
2022-11-22,58.240002,59.869999,57.970001,59.470001,59.470001,1197100,3.04,3.06,2.99,3.06,3.06,35500,33.759998,34.41,33.759998,34.349998,34.349998,569400,11058.55957,11179.870117,10975.660156,11174.410156,11174.410156,4186360000
2022-11-23,58.0,59.52,57.77,59.349998,59.349998,843700,3.02,3.11,3.02,3.08,3.08,36600,34.330002,34.759998,34.25,34.700001,34.700001,216500,11174.610352,11310.820313,11174.610352,11285.320313,11285.320313,4431530000
2022-11-25,59.110001,59.349998,58.470001,58.790001,58.790001,425800,3.1,3.1,3.01,3.02,3.02,7900,34.84,34.84,34.57,34.68,34.68,70000,11231.0,11261.570313,11206.379883,11226.360352,11226.360352,2184080000
2022-11-28,58.470001,58.709999,57.34,57.630001,57.630001,1034100,3.0,3.02,2.93,2.96,2.96,61900,34.43,34.48,33.759998,33.790001,33.790001,314200,11147.570313,11217.75,11020.69043,11049.5,11049.5,4271360000
2022-11-29,59.16,59.709999,58.509998,59.330002,59.330002,1203600,2.95,2.99,2.93,2.94,2.94,27100,34.439999,34.98,34.439999,34.880001,34.880001,297300,11060.019531,11086.019531,10944.370117,10983.780273,10983.780273,4592830000
2022-11-30,59.950001,61.240002,59.119999,61.02,61.02,2217200,2.98,3.0,2.9,3.0,3.0,77200,35.41,36.189999,35.09,36.189999,36.189999,1717000,10995.200195,11468.469727,10966.530273,11468.0,11468.0,6653460000
2022-12-01,60.75,61.84,60.310001,61.459999,61.459999,1415500,2.97,3.0,2.93,2.94,2.94,120300,36.48,36.889999,36.25,36.790001,36.790001,1620300,11475.169922,11546.769531,11378.75,11482.450195,11482.450195,5158120000
2022-12-02,60.459999,62.200001,60.119999,61.970001,61.970001,785300,3.0,3.0,2.91,2.99,2.99,35400,36.169998,36.959999,36.029999,36.939999,36.939999,498800,11308.379883,11492.320313,11296.719727,11461.5,11461.5,4523010000
2022-12-05,62.290001,62.369999,60.490002,60.639999,60.639999,1079100,2.96,3.0,2.86,2.94,2.94,57800,37.150002,37.27,36.040001,36.169998,36.169998,999800,11380.990234,11425.509766,11193.019531,11239.94043,11239.94043,4510030000
2022-12-06,61.400002,62.18,60.509998,60.860001,60.860001,937400,2.92,2.92,2.77,2.81,2.81,117600,36.27,36.720001,35.82,36.07,36.07,369400,11228.419922,11241.419922,10956.200195,11014.889648,11014.889648,4713330000
2022-12-07,60.470001,61.700001,59.970001,60.029999,60.029999,1317900,2.85,2.85,2.7,2.7,2.7,117500,36.040001,36.299999,35.830002,35.939999,35.939999,382500,10963.950195,11039.80957,10910.620117,10958.549805,10958.549805,4343860000
2022-12-08,61.599998,61.900002,60.970001,61.459999,61.459999,1499500,2.73,2.75,2.7,2.73,2.73,68900,36.490002,37.060001,36.32,36.709999,36.709999,421700,11011.330078,11119.160156,10939.469727,11082.0,11082.0,4281800000
2022-12-09,61.619999,62.459999,60.59,60.669998,60.669998,975600,2.7,2.87,2.7,2.77,2.77,60000,36.919998,37.16,36.529999,36.549999,36.549999,266200,11038.169922,11138.700195,10999.259766,11004.620117,11004.620117,4337440000
2022-12-12,59.810001,60.669998,59.549999,60.48,60.48,968200,2.76,2.79,2.7,2.78,2.78,38000,36.549999,36.549999,35.950001,36.330002,36.330002,354000,11015.480469,11144.669922,10984.820313,11143.740234,11143.740234,4829990000
2022-12-13,62.689999,63.16,60.779999,61.07,61.07,1179700,2.88,2.88,2.71,2.76,2.76,49400,37.259998,37.889999,36.77,36.93,36.93,498500,11542.839844,11571.639648,11160.540039,11256.80957,11256.80957,6126890000
2022-12-14,61.07,61.650002,60.5,61.290001,61.290001,680600,2.74,2.82,2.71,2.75,2.75,68500,36.990002,37.209999,36.650002,37.0,37.0,250400,11248.089844,11352.089844,11065.240234,11170.889648,11170.889648,5485150000
2022-12-15,60.650002,60.650002,59.459999,59.889999,59.889999,1313600,2.71,2.75,2.7,2.7,2.7,36300,36.5,36.59,35.470001,35.610001,35.610001,787300,11012.620117,11029.570313,10775.610352,10810.530273,10810.530273,5536070000
2022-12-16,59.490002,60.310001,59.369999,59.759998,59.759998,1675400,2.7,2.77,2.53,2.72,2.72,267900,35.57,35.889999,35.200001,35.720001,35.720001,315900,10767.629883,10833.240234,10642.099609,10705.410156,10705.410156,7968170000
2022-12-19,60.369999,60.43,59.150002,59.52,59.52,719400,2.72,2.72,2.52,2.54,2.54,82800,36.0,36.169998,35.25,35.41,35.41,233500,10707.44043,10713.969727,10497.549805,10546.030273,10546.030273,4631820000
2022-12-20,60.0,60.84,60.0,60.41,60.41,647700,2.7,2.7,2.55,2.64,2.64,52500,35.580002,36.279999,35.580002,35.779999,35.779999,322100,10490.889648,10609.459961,10446.820313,10547.110352,10547.110352,4707190000
2022-12-21,61.18,61.700001,60.759998,61.619999,61.619999,656100,2.68,2.69,2.65,2.69,2.69,17800,36.0,36.779999,36.0,36.740002,36.740002,365200,10592.0,10753.570313,10569.200195,10709.370117,10709.370117,4401420000
2022-12-22,60.98,60.98,59.599998,60.860001,60.860001,854200,2.66,2.68,2.61,2.62,2.62,44000,36.0,36.16,34.93,35.43,35.43,318100,10586.459961,10599.339844,10313.320313,10476.120117,10476.120117,5125070000
2022-12-23,61.169998,61.459999,60.490002,61.060001,61.060001,540800,2.67,2.68,2.64,2.64,2.64,23000,35.639999,36.040001,35.290001,36.029999,36.029999,185000,10437.75,10514.759766,10361.820313,10497.860352,10497.860352,3544680000
2022-12-27,61.919998,62.34,61.509998,62.18,62.18,669900,2.61,2.67,2.53,2.53,2.53,60800,36.5,36.799999,36.330002,36.48,36.48,335700,10462.19043,10472.320313,10340.730469,10353.230469,10353.230469,3827290000
2022-12-28,62.009998,62.349998,60.950001,61.060001,61.060001,640416,2.61,2.61,2.5,2.51,2.51,50141,36.689999,36.810001,36.009998,36.049999,36.049999,495902,10339.200195,10414.817383,10207.472656,10213.288086,10213.288086,3255058000
